rank,uri,artist_names,track_name,source,peak_rank,previous_rank,days_on_chart,streams
1,"spotify:track:5fZJQrFKWQLb7FpJXZ1g7K","Shaboozey","A Bar Song (Tipsy)","American Dogwood / EMPIRE",1,3,162,"295045"
2,"spotify:track:2plbrEY59IikOBgBGLjaoe","Lady Gaga, Bruno Mars","Die With A Smile","Interscope",2,2,36,"283897"
3,"spotify:track:5G2f63n7IPVPPjfNIGih7Q","Sabrina Carpenter","Taste","Island Records",1,1,29,"279174"
4,"spotify:track:0WbMK4wrZ1wFSty9F7FCgu","Chappell Roan","Good Luck, Babe!","Chappell Roan PS/ Island",4,4,169,"246795"
5,"spotify:track:6dOtVTDdiauQNBQEDOtlAB","Billie Eilish","BIRDS OF A FEATHER","Darkroom/Interscope Records",2,5,127,"241253"
6,"spotify:track:2qSkIjg1o9h3YT9RAgYN75","Sabrina Carpenter","Espresso","Island Records",2,6,162,"240388"
7,"spotify:track:5IZXB5IKAD2qlvTPJYDCFB","Post Malone, Morgan Wallen","I Had Some Help (Feat. Morgan Wallen)","Mercury Records / Republic Records",1,7,134,"235445"
8,"spotify:track:3xkHsmpQCBMytMJNiDf3Ii","Benson Boone","Beautiful Things","Night Street Records, Inc./Warner Records Inc.",1,8,246,"218837"
9,"spotify:track:5N3hjp1WNayUPZrA8kJmJP","Sabrina Carpenter","Please Please Please","Island Records",1,9,106,"204107"
10,"spotify:track:1UHS8Rf6h5Ar3CDWRd3wjF","Sabrina Carpenter","Bed Chem","Island Records",9,10,29,"172353"
11,"spotify:track:76JKIsdKrAfWUMjaA0u7v5","Hozier","Too Sweet","Columbia",1,18,183,"171286"
12,"spotify:track:17phhZDn6oGtzMe56NuWvj","Teddy Swims","Lose Control","Warner Records",3,13,355,"169016"
13,"spotify:track:2uqYupMHANxnwgeiXTZXzd","Dasha","Austin (Boots Stop Workin')","Warner Records",8,12,214,"168758"
14,"spotify:track:24XihnoVPWXlKJ4BgXqjVM","Tate McRae","It's ok I'm ok","RCA Records Label",5,11,8,"159455"
15,"spotify:track:4KULAymBBJcPRpk1yO4dOG","Zach Bryan, Kacey Musgraves","I Remember Everything (feat. Kacey Musgraves)","Warner Records",1,16,393,"158414"
16,"spotify:track:2jnezASa7o0lP6aif6VrIf","Future","TEFLON DON","Wilburn Holding Co./Epic",16,-1,1,"156255"
17,"spotify:track:0mflMxspEfB0VbI1kyLiAv","Noah Kahan","Stick Season","Mercury Records/Republic Records",1,15,537,"154888"
18,"spotify:track:0UYnhUfnUj5adChuAXvLUB","Gigi Perez","Sailor Song","Gigi Perez PS/ Island",12,14,48,"153340"
19,"spotify:track:6GG4yyk3UATdBfTHVgI8PB","Luke Combs","Ain't No Love In Oklahoma (From Twisters: The Album)","Atlantic Records",13,21,128,"153307"
20,"spotify:track:4xdBrk0nFZaP54vvZj0yx7","Chappell Roan","HOT TO GO!","Chappell Roan PS/ Island",15,17,110,"151351"
21,"spotify:track:4ZJ4vzLQekI0WntDbanNC7","Zach Bryan","Pink Skies","Warner Records",6,20,120,"146461"
22,"spotify:track:6AI3ezQ4o3HUoP6Dhudph3","Kendrick Lamar","Not Like Us","Kendrick Lamar, under exclusive license to Interscope Records",1,19,139,"146100"
23,"spotify:track:3aCPResPDNae3pXTocGpYe","Future","LIL DEMON","Wilburn Holding Co./Epic",23,-1,1,"135677"
24,"spotify:track:3WMj8moIAXJhHsyLaqIIHI","Zach Bryan","Something in the Orange","Warner Records",8,23,868,"134348"
25,"spotify:track:3WOhcATHxK2SLNeP5W3v1v","Charli xcx, Billie Eilish","Guess featuring billie eilish","Atlantic Records",3,22,50,"132372"
26,"spotify:track:2PnlsTsOTLE5jnBnNe2K0A","Linkin Park","The Emptiness Machine","Warner Records",7,25,15,"127217"
27,"spotify:track:51eSHglvG1RJXtL3qI5trr","Benson Boone","Slow It Down","Night Street Records, Inc./Warner Records Inc.",19,29,183,"127035"
28,"spotify:track:0OA00aPt3BV10qeMIs3meW","Hanumankind, Kalmi","Big Dawgs","Universal Music India Pvt Ltd.",8,28,56,"126889"
29,"spotify:track:51rfRCiUSvxXlCSCfIztBy","Gracie Abrams","I Love You, I'm Sorry","Gracie Abrams, under exclusive license to Interscope Records",23,24,59,"126742"
30,"spotify:track:5AJ9hqTS2wcFQCELCFRO7A","Tommy Richman","MILLION DOLLAR BABY","PULSE Records",2,26,148,"126479"
31,"spotify:track:6pf7fmrtYcA4WpqTksuh68","Future","SKI","Wilburn Holding Co./Epic",31,-1,1,"125659"
32,"spotify:track:3Pbp7cUCx4d3OAkZSCoNvn","Michael Marcagi","Scared To Start","Warner Records",11,31,249,"125600"
33,"spotify:track:0DhCbTQZfWD8P8pOlg3jv9","Future","TOO FAST","Wilburn Holding Co./Epic",33,-1,1,"124753"
34,"spotify:track:3Vr3zh0r7ALn8VLqCiRR10","Myles Smith","Stargazing","RCA Records Label",12,30,134,"123106"
35,"spotify:track:7K3BhSpAxZBznislvUMVtn","Morgan Wallen","Last Night","Big Loud Records / Mercury Records / Republic Records",1,35,599,"121185"
36,"spotify:track:2cZOYofOX4d6g0OXxkaIjA","Playboi Carti","ALL RED","AWGE/Interscope Records",1,27,8,"120009"
37,"spotify:track:1k2pQc5i348DCHwbn5KTdc","Chappell Roan","Pink Pony Club","Chappell Roan PS/ Island",33,33,92,"119776"
38,"spotify:track:5iJKGpnFfvbjZJeAtwXfCj","Zach Bryan","28","Warner Records",14,32,79,"119686"
39,"spotify:track:7gxQXemQ5MBeK9PUrKRtfV","Alex Warren","Burning Down","Atlantic Records",39,-1,1,"117199"
40,"spotify:track:2Dct3GykKZ58hpWRFfe2Qd","Zach Bryan","Heading South","Warner Records",23,38,514,"110736"
41,"spotify:track:1XBYiRV30ykHw5f4wm6qEn","The Kid LAROI","NIGHTS LIKE THIS","Columbia",34,36,91,"109544"
42,"spotify:track:7Fzl7QaTu47WyP9R5S5mh5","Morgan Wallen","Lies Lies Lies","Big Loud Records / Mercury Records / Republic Records",7,37,78,"109371"
43,"spotify:track:7z7kvUQGwlC6iOl7vMuAr9","The Weeknd","Dancing In The Flames","XO / Republic Records",10,34,8,"109178"
44,"spotify:track:7fveJ3pk1eSfxBdVkzdXZ0","Morgan Wallen, ERNEST","Cowgirls (feat. ERNEST)","Big Loud Records / Mercury Records / Republic Records",22,39,536,"108221"
45,"spotify:track:2t4H61OtTYgmDe61KxkjKH","Future","PLUTOSKI","Wilburn Holding Co./Epic",45,-1,1,"108194"
46,"spotify:track:4pkb8SbRGeHAvdb87v9rpf","Marshmello, Kane Brown","Miles On It","RCA Records Label Nashville",19,43,141,"102309"
47,"spotify:track:5tUETztMKNT9NDbMUVpxzl","Future","READY TO COOK UP","Wilburn Holding Co./Epic",47,-1,1,"101958"
48,"spotify:track:3QaPy1KgI7nu9FJEQUgn6h","Billie Eilish","WILDFLOWER","Darkroom/Interscope Records",12,41,126,"100239"
49,"spotify:track:0cQVqPuHQP4KEwc7ZUQmj6","The Neighbourhood","Sweater Weather","Columbia",17,40,1448,"98276"
50,"spotify:track:7tI8dRuH2Yc6RuoTjxo4dU","Jimin","Who","BIGHIT MUSIC",34,65,61,"98158"
51,"spotify:track:331l3xABO0HMr1Kkyh2LZq","David Guetta, OneRepublic","I Don't Wanna Wait","Parlophone UK",29,46,166,"98081"
52,"spotify:track:1CDQzbCz4KSQxHe7LMEgRM","Eminem","Houdini","Shady/Aftermath/Interscope Records",1,44,113,"98046"
53,"spotify:track:5RKQ5NdjSh2QzD4MaunT91","Journey","Don't Stop Believin' (2022 Remaster)","Columbia/Legacy",31,56,2326,"96784"
54,"spotify:track:6StwwqB84sJeLr7tZDTxEX","Post Malone, Luke Combs","Guy For That (Feat. Luke Combs)","Mercury Records / Republic Records",4,57,57,"96092"
55,"spotify:track:42VsgItocQwOQC3XWZ8JNA","Travis Scott, Playboi Carti","FE!N (feat. Playboi Carti)","Cactus Jack/Epic",2,49,419,"95912"
56,"spotify:track:102YUQbYmwdBXS7jwamI90","Sabrina Carpenter","Good Graces","Island Records",10,42,29,"95431"
57,"spotify:track:1SjsVdSXpwm1kTdYEHoPIT","Zach Bryan","Sun to Me","Warner Records",45,50,336,"93562"
58,"spotify:track:6MzofobZt2dm0Kf1hTThFz","Addison Rae","Diet Pepsi","Columbia",41,45,28,"93314"
59,"spotify:track:7FOgcfdz9Nx5V9lCNXdBYv","Chappell Roan","Red Wine Supernova","Chappell Roan PS/ Island",37,47,144,"92597"
60,"spotify:track:1BxfuPKGuaTgP7aM0Bbdwr","Taylor Swift","Cruel Summer","Taylor Swift",3,53,624,"91012"
61,"spotify:track:0rtDE9zfXbamTlRUSwY7zy","Mark Ambor","Belong Together","Hundred Days Records, LLC",15,62,181,"89933"
62,"spotify:track:3yrSvpt2l1xhsV9Em88Pul","Van Morrison","Brown Eyed Girl","Columbia/Legacy",33,75,583,"89068"
63,"spotify:track:2nLtzopw4rPReszdYBJU6h","Linkin Park","Numb","Warner Records",23,48,98,"88998"
64,"spotify:track:5sWxZXRYjkAnRQr7894dRa","Future","OCEAN","Wilburn Holding Co./Epic",64,-1,1,"88628"
65,"spotify:track:6me7F0aaZjwDo6RJ5MrfBD","Richy Mitch & The Coal Miners","Evergreen","Richy Mitch & The Coal Miners",24,54,370,"87224"
66,"spotify:track:6Qyc6fS4DsZjB2mRW9DsQs","The Goo Goo Dolls","Iris","Warner Records",41,52,756,"87047"
67,"spotify:track:4Na2HfNSr58chvfX69fy36","Gunna","one of wun","300 Entertainment",23,58,134,"86999"
68,"spotify:track:1mMLMZYXkMueg65jRRWG1l","Luke Combs","When It Rains It Pours","River House Artists/Columbia Nashville",32,76,1023,"86961"
69,"spotify:track:3dYD57lRAUcMHufyqn9GcI","Hozier","Take Me to Church","Columbia",58,61,815,"86626"
70,"spotify:track:19RybK6XDbAVpcdxSbZL1o","Charli xcx","Apple","Atlantic Records",28,55,67,"85984"
71,"spotify:track:51ZQ1vr10ffzbwIjDCwqm4","Ariana Grande","we can't be friends (wait for your love)","Republic Records",1,60,197,"85043"
72,"spotify:track:4uzKAj0mIyYmyhsRRyPXaQ","Alex Warren","Carry You Home","Atlantic Records",67,80,83,"84718"
73,"spotify:track:0PAcdVzhPO4gq1Iym9ESnK","Morgan Wallen","Thinkin’ Bout Me","Big Loud Records / Mercury Records / Republic Records",9,67,566,"83752"
74,"spotify:track:1eroCliWpJrEu1V7VSObcO","Drake","Circadian Rhythm","OVO/Republic",34,51,21,"83697"
75,"spotify:track:2OzhQlSqBEmt7hmkYxfT6m","Taylor Swift, Post Malone","Fortnight (feat. Post Malone)","Taylor Swift",1,68,155,"82400"
76,"spotify:track:3WSOUb3U7tqURbBSgZTrZX","Chappell Roan","Casual","Chappell Roan PS/ Island",63,63,91,"81861"
77,"spotify:track:2hrycoFU1mZw6YPvMcn8yC","Jordan Adetunji","KEHLANI","300 Entertainment",37,64,94,"80400"
78,"spotify:track:62bOmKYxYg7dhrC6gH9vFn","*NSYNC","Bye Bye Bye - From Deadpool and Wolverine Soundtrack","Jive",17,73,57,"80137"
79,"spotify:track:2SiXAy7TuUkycRVbbWDEpo","AC/DC","You Shook Me All Night Long","Columbia",49,77,274,"79742"
80,"spotify:track:629DixmZGHc7ILtEntuiWE","Billie Eilish","LUNCH","Darkroom/Interscope Records",3,69,127,"79473"
81,"spotify:track:3qhlB30KknSejmIvZZLjOD","Djo","End of Beginning","Djo",4,59,219,"79404"
82,"spotify:track:7iQMm50NNwlUIRWhONZR2k","Tucker Wetmore","Wind Up Missin’ You","Tucker Wetmore",37,72,176,"78604"
83,"spotify:track:4BP3uh0hFLFRb5cjsgLqDh","Creedence Clearwater Revival","Fortunate Son","Craft Recordings",40,85,737,"77753"
84,"spotify:track:3JG1uFc40wfyrqaWC7iv0e","Artemas","i like the way you kiss me","Artemas",2,74,183,"77712"
85,"spotify:track:7KA4W4McWYRpgf0fWsJZWB","Tyler, The Creator, Kali Uchis","See You Again (feat. Kali Uchis)","Columbia",11,66,600,"77489"
86,"spotify:track:3xKsf9qdS1CyvXSMEid6g8","Frank Ocean","Pink + White","Boys Don't Cry",37,70,702,"77156"
87,"spotify:track:21B4gaTWnTkuSh77iWEXdS","Sabrina Carpenter","Juno","Island Records",20,71,29,"77097"
88,"spotify:track:2rxQMGVafnNaRaXlRMWPde","Luke Combs","Beautiful Crazy","River House Artists/Columbia Nashville",60,89,1393,"76187"
89,"spotify:track:3AJwUDP919kvQ9QcozQPxg","Coldplay","Yellow","Parlophone UK",69,78,668,"75750"
90,"spotify:track:0ofHAoxe9vBkTCp2UQIavz","Fleetwood Mac","Dreams - 2004 Remaster","Rhino/Warner Records",4,82,1423,"75469"
91,"spotify:track:2LawezPeJhN4AWuSB0GtAU","Creedence Clearwater Revival","Have You Ever Seen The Rain","Craft Recordings",34,90,716,"74890"
92,"spotify:track:4BObwxRcqiuifYuPbYrjqP","Future","PRESS THE BUTTON","Wilburn Holding Co./Epic",92,-1,1,"74518"
93,"spotify:track:3dj4wgM3cPeuLwMNHDuBon","Teddy Swims","The Door","Warner Records",84,84,38,"73827"
94,"spotify:track:003vvx7Niy0yvhvHt4a68B","The Killers","Mr. Brightside","Island Records",25,81,1530,"73645"
95,"spotify:track:4q5YezDOIPcoLr8R81x9qy","Taylor Swift","I Can Do It With a Broken Heart","Taylor Swift",3,83,155,"73620"
96,"spotify:track:1Lo0QY9cvc8sUB2vnIOxDT","Luke Combs","Fast Car","River House Artists/Columbia Nashville",2,95,546,"73090"
97,"spotify:track:14P3Ep4KDanxUFzFLsmX5K","Future","BRAZZIER","Wilburn Holding Co./Epic",97,-1,1,"73056"
98,"spotify:track:698eQRku24PIYPQPHItKlA","Luke Combs","She Got the Best of Me","River House Artists/Columbia Nashville",54,91,361,"72792"
99,"spotify:track:2tudvzsrR56uom6smgOcSf","Future, Metro Boomin, Kendrick Lamar","Like That","Wilburn Holding Co./Boominati/Epic/Republic",1,79,183,"72354"
100,"spotify:track:2vXbt6p8MASsy0rGMpgWdG","Future","SOUTH OF FRANCE","Wilburn Holding Co./Epic",100,-1,1,"72290"
101,"spotify:track:3fqwjXwUGN6vbzIwvyFMhx","Chris Stapleton","Tennessee Whiskey","Mercury Nashville",33,105,1153,"72126"
102,"spotify:track:0qRR9d89hIS0MHRkQ0ejxX","Daryl Hall & John Oates","Rich Girl","RCA Records Label",61,99,204,"71731"
103,"spotify:track:0mNzElhEofvgMWAJoOA4q9","Post Malone, Blake Shelton","Pour Me A Drink (Feat. Blake Shelton)","Mercury Records / Republic Records",11,102,92,"71461"
104,"spotify:track:3rUGC1vUpkDG9CZFHMur1t","Tate McRae","greedy","RCA Records Label",1,86,372,"71402"
105,"spotify:track:5W4kiM2cUYBJXKRudNyxjW","Morgan Wallen","You Proof","Big Loud Records / Mercury Records / Republic Records",12,101,859,"71108"
106,"spotify:track:5kDgJffgJ0lYHTSiaXFWNw","The Kid LAROI","BABY I'M BACK","Columbia",67,87,26,"71094"
107,"spotify:track:2yR2sziCF4WEs3klW1F38d","Odetari","KEEP UP","APG, Inc. - Odetari II",107,108,6,"70877"
108,"spotify:track:0io16MKpbeDIdYzmGpQaES","Ndotz","Embrace It","Isekai Records",108,115,5,"70717"
109,"spotify:track:2c7z5oRcPBbqRaBY2mLWcf","Don Toliver","NEW DROP","Cactus Jack / Atlantic",94,94,14,"70710"
110,"spotify:track:7CyPwkp0oE8Ro9Dd5CUDjW","The Weeknd, JENNIE, Lily-Rose Depp","One Of The Girls (with JENNIE, Lily Rose Depp)","XO / Republic Records",11,88,319,"70073"
111,"spotify:track:4uUG5RXrOk84mYEfFvj3cK","David Guetta, Bebe Rexha","I'm Good (Blue)","Parlophone UK",1,106,755,"69710"
112,"spotify:track:2PyJAiQjp1OPkow2FJZKHR","Ella Langley, Riley Green","you look like you love me (feat. Riley Green)","SAWGOD/Columbia",35,98,90,"69543"
113,"spotify:track:3hRV0jL3vUpRrcy398teAU","Lord Huron","The Night We Met","IAMSOUND",52,96,1153,"68750"
114,"spotify:track:7sO5G9EABYOXQKNPNiE9NR","Offset, Metro Boomin","Ric Flair Drip (with Metro Boomin)","Slaughter Gang, LLC/Epic/Quality Control Music/Motown/Capitol/Boominati Worldwide/Republic",5,117,1361,"68250"
115,"spotify:track:4w2GLmK2wnioVnb5CPQeex","Charli xcx","360","Atlantic Records",34,93,104,"68213"
116,"spotify:track:5jfhLCSIFUO4ndzNRh4w4G","Zach Bryan","Burn, Burn, Burn","Warner Records",78,104,291,"68130"
117,"spotify:track:2UikqkwBv7aIvlixeVXHWt","Chris Stapleton","You Should Probably Leave","Mercury Nashville",50,116,521,"68045"
118,"spotify:track:48UKTR66uUOT9LaUvooTNx","Luke Combs","The Kind of Love We Make","River House Artists/Columbia Nashville",10,121,794,"67906"
119,"spotify:track:1zdVrr3f0eUorO9bkdZ58N","Future","MJ","Wilburn Holding Co./Epic",119,-1,1,"67681"
120,"spotify:track:0RiRZpuVRbi7oqRdSMwhQY","Post Malone, Swae Lee","Sunflower - Spider-Man: Into the Spider-Verse","Republic Records",1,120,2134,"67572"
121,"spotify:track:0gmbgwZ8iqyMPmXefof8Yf","Nickelback","How You Remind Me","Roadrunner Records",57,111,194,"67017"
122,"spotify:track:58ge6dfP91o9oXMzq3XkIS","Arctic Monkeys","505","Domino/Warner Records",52,92,551,"66792"
123,"spotify:track:1BJJbSX6muJVF2AK7uH1x4","Adam Port, Stryv, Keinemusik, Orso, Malachiii","Move","Keinemusik",62,122,80,"66775"
124,"spotify:track:4nHJcUtNSUVjXRnjdP29Bk","Noah Kahan","You’re Gonna Go Far","Mercury Records/Republic Records",64,114,128,"66740"
125,"spotify:track:0OWhKvvsHptt6vnnNUSM9a","Zach Bryan","Oklahoma Smokeshow","Warner Records",61,110,378,"66447"
126,"spotify:track:3Rfre3qkrhwdZZ7dyznwbN","mgk, Jelly Roll","Lonely Road (with Jelly Roll)","EST 19XX, LLC, under exclusive license to Interscope Records",39,135,57,"66195"
127,"spotify:track:3kXoKlD84c6OmIcOLfrfEs","Earth, Wind & Fire","September","Columbia/Legacy",29,160,196,"66149"
128,"spotify:track:5TgEJ62DOzBpGxZ7WRsrqb","Hozier","Work Song","Columbia",103,123,103,"65970"
129,"spotify:track:6t48Ju7G0qoYovcWJgvVwL","Future","SURFING A TSUNAMI","Wilburn Holding Co./Epic",129,-1,1,"65917"
130,"spotify:track:7qEHsqek33rTcFNT9PFqLf","Lewis Capaldi","Someone You Loved","Vertigo Berlin",2,119,2051,"65808"
131,"spotify:track:6dgUya35uo964z7GZXM07g","Sabrina Carpenter","Nonsense","Island Records",9,131,584,"65541"
132,"spotify:track:1zi7xx7UVEFkmKfv06H8x0","Drake, Wizkid, Kyla","One Dance","Cash Money Records/Young Money Ent./Universal Rec.",5,126,1473,"65186"
133,"spotify:track:4E63weMCaNZuGPEFMnuEi8","Tate McRae","exes","RCA Records Label",6,118,297,"65133"
134,"spotify:track:0eBFgRxyVSeuT4iyrbukdn","Luke Combs","Where the Wild Things Are","River House Artists/Columbia Nashville",30,127,244,"65011"
135,"spotify:track:3azJifCSqg9fRij2yKIbWz","Tory Lanez","The Color Violet","One Umbrella Records",8,130,731,"64907"
136,"spotify:track:28drn6tQo95MRvO0jQEo5C","Future, Metro Boomin, Travis Scott, Playboi Carti","Type Shit","Wilburn Holding Co./Boominati/Epic/Republic",3,100,183,"64895"
137,"spotify:track:3vkCueOmm7xQDoJ17W1Pm3","Mitski","My Love Mine All Mine","Dead Oceans",4,97,347,"64861"
138,"spotify:track:0gEyKnHvgkrkBM6fbeHdwK","The Cranberries","Linger","Island Records",60,124,20,"64820"
139,"spotify:track:3GCdLUSnKSMJhs4Tj6CV3s","Kendrick Lamar, SZA","All The Stars (with SZA)","Black Panther (TDE/DMG) PS",2,113,639,"64659"
140,"spotify:track:3eekarcy7kvN4yt5ZFzltW","Travis Scott","HIGHEST IN THE ROOM","Cactus Jack/Epic",1,128,623,"64635"
141,"spotify:track:059qzhNaJb8tsqpdl2bHfF","Bad Bunny","Una Velita","Rimas Entertainment LLC.",141,-1,1,"64626"
142,"spotify:track:2uXlHCUbq9OMUwx3hrk06o","Vance Joy","Riptide","Atlantic Records",25,136,1560,"64624"
143,"spotify:track:69AIpwGNLxr4qS1X5ynx60","Jordan Davis, Luke Bryan","Buy Dirt","MCA Nashville",51,157,1057,"64570"
144,"spotify:track:1560osUcXrnov6yuOjXvc1","Drake","No Face","OVO",26,107,20,"64450"
145,"spotify:track:0h3Xy4V4apMraB5NuM8U7Z","CYRIL","Stumblin' In","Spinnin' Records",65,149,99,"64168"
146,"spotify:track:1Qrg8KqiBpW07V7PNxwwwL","SZA","Kill Bill","Top Dawg Entertainment/RCA Records",1,112,643,"64046"
147,"spotify:track:5XeFesFbtLpXzIVDNQP22n","Arctic Monkeys","I Wanna Be Yours","Domino Recording Co",54,103,673,"64042"
148,"spotify:track:5oIVNm56t6OIf9ZjdEG3ud","Sabrina Carpenter","Coincidence","Island Records",17,109,29,"63626"
149,"spotify:track:22VHOlVYBqytsrAqV8yXBK","Noah Kahan, Post Malone","Dial Drunk (with Post Malone)","Mercury Records/Republic Records",8,137,429,"63607"
150,"spotify:track:20OFwXhEXf12DzwXmaV7fj","Creedence Clearwater Revival","Bad Moon Rising","Craft Recordings",73,138,366,"63368"
151,"spotify:track:6aJn7Cst74cj4lNIiPRgav","KATSEYE","Touch","HYBE/Geffen",121,129,18,"63205"
152,"spotify:track:4EWCNWgDS8707fNSZ1oaA5","Kanye West","Heartless","Roc-A-Fella",34,132,880,"63178"
153,"spotify:track:68Dni7IE4VyPkTOH9mRWHr","J. Cole","No Role Modelz","Roc Nation Records LLC",20,125,1941,"63175"
154,"spotify:track:6tWGe6nvXFWT0KhGCXM89q","Tyler Braden","Devil You Know","Warner Music Nashville",105,170,101,"63114"
155,"spotify:track:6RUKPb4LETWmmr3iAEQktW","The Chainsmokers, Coldplay","Something Just Like This","Disruptor Records/Columbia",2,145,575,"62888"
156,"spotify:track:3cBsEDNhFI9E82vPj3kvi3","Morgan Wallen","Wasted On You","Big Loud / Republic",4,144,1009,"62581"
157,"spotify:track:1jKXjxMWlq4BhH6f9GtZbu","Don Toliver","TORE UP","Cactus Jack / Atlantic",88,143,11,"62565"
158,"spotify:track:22skzmqfdWrjJylampe0kt","Macklemore, Ryan Lewis, Macklemore & Ryan Lewis, Ray Dalton","Can't Hold Us (feat. Ray Dalton)","Macklemore",57,152,951,"62408"
159,"spotify:track:53IRnAWx13PYmoVYtemUBS","Chappell Roan","Femininomenon","Chappell Roan PS/ Island",95,141,54,"62243"
160,"spotify:track:72kGuWpRiuA149Bn5lDkIO","Bryan Martin","We Ride","Average Joes Entertainment",76,150,362,"62183"
161,"spotify:track:0VjIjW4GlUZAMYd2vXMi3b","The Weeknd","Blinding Lights","Republic Records",1,153,1706,"62124"
162,"spotify:track:4QNpBfC0zvjKqPJcyqBy9W","Pitbull, AFROJACK, Ne-Yo, Nayer","Give Me Everything (feat. Nayer)","Mr.305/Polo Grounds Music/J Records",42,161,187,"61927"
163,"spotify:track:2bl81llf715VEEbAx03yvB","Gracie Abrams","Close To You","Gracie Abrams, under exclusive license to Interscope Records",27,133,97,"61650"
164,"spotify:track:4rXLjWdF2ZZpXCVTfWcshS","Gunna","fukumean","300 Entertainment",1,139,450,"61409"
165,"spotify:track:7aEtlGHoiPAfRB084NiDmx","Luke Combs","Beer Never Broke My Heart","River House Artists/Columbia Nashville",43,156,820,"61177"
166,"spotify:track:0JXXNGljqupsJaZsgSbMZV","Miguel","Sure Thing","Jive",10,148,564,"61040"
167,"spotify:track:1bjeWoagtHmUKputLVyDxQ","SZA","Saturn","Top Dawg Entertainment/RCA Records",5,134,211,"60871"
168,"spotify:track:3FU6urUVsgXa6RBuV2PdRk","Diplo, Morgan Wallen","Heartless (feat. Morgan Wallen)","Columbia",51,175,635,"60496"
169,"spotify:track:7tqhbajSfrz2F7E1Z75ASX","Marvin Gaye, Tammi Terrell","Ain't No Mountain High Enough","UNI/MOTOWN",46,199,237,"60291"
170,"spotify:track:3mfER4ORePHvN35cbZ3dkV","Lost Frequencies, Calum Scott","Where Are You Now","Epic Amsterdam",15,185,787,"60241"
171,"spotify:track:0ntQJM78wzOLVeCUAW7Y45","Kings of Leon","Sex on Fire","RCA/Legacy",89,147,50,"60235"
172,"spotify:track:1Ftb0PK0Qqwax3gofiMd2X","Lil Tecca, Don Toliver","I CAN’T LET GO","Galactic Records/Lil Tecca",172,-1,1,"60230"
173,"spotify:track:3B54sVLJ402zGa6Xm4YGNe","French Montana, Swae Lee","Unforgettable","Bad Boy Entertainment/Epic Records",1,151,1019,"60177"
174,"spotify:track:0HEytGQM3bG1vKxER7IgVK","Zach Bryan, The Lumineers","Spotless (feat. The Lumineers)","Warner Records",9,159,323,"60073"
175,"spotify:track:6ORqU0bHbVCRjXm9AjyHyZ","Green Day","Good Riddance (Time of Your Life)","Reprise",140,167,22,"59930"
176,"spotify:track:4Yf5bqU3NK4kNOypcrLYwU","Linkin Park","Faint","Warner Records",85,146,15,"59643"
177,"spotify:track:7BRD7x5pt8Lqa1eGYC4dzj","Billie Eilish","CHIHIRO","Darkroom/Interscope Records",7,142,123,"59343"
178,"spotify:track:2esZG2XFtuoWWA9AfDvSxy","FloyyMenor, Cris Mj","Gata Only","FloyyMenor under exclusive license to UnitedMasters LLC",27,164,164,"59256"
179,"spotify:track:4pCbJC43j3gSqG6Fen6upD","Zach Bryan, The War And Treaty","Hey Driver (feat. The War and Treaty)","Warner Records",9,155,390,"59218"
180,"spotify:track:3U5JVgI2x4rDyHGObzJfNf","Natasha Bedingfield","Unwritten","Sony Music CG",27,169,256,"59208"
181,"spotify:track:57TEkZN3f84tFJFHFrD4pO","Morgan Wallen","Whiskey Glasses","Big Loud",32,172,1516,"59137"
182,"spotify:track:2GjUTgYXjkgPV5fN0FEU4l","Future","OATH","Wilburn Holding Co./Epic",182,-1,1,"59006"
183,"spotify:track:4kbj5MwxO1bq9wjT5g9HaA","WALK THE MOON","Shut Up and Dance","RCA Records Label",92,183,184,"58993"
184,"spotify:track:5rb9QrpfcKFHM1EUbSIurX","USHER, Lil Jon, Ludacris","Yeah! (feat. Lil Jon & Ludacris)","LaFace Records",14,182,227,"58902"
185,"spotify:track:7DSAEUvxU8FajXtRloy8M0","Miley Cyrus","Flowers","Columbia",1,179,613,"58644"
186,"spotify:track:0yc6Gst2xkRu0eMLeRMGCX","Cigarettes After Sex","Apocalypse","Partisan Records",58,140,535,"58535"
187,"spotify:track:2Lumsra3kuU61wXkEKzKaK","Surf Curse","Disco","Surf Curse",84,171,18,"58467"
188,"spotify:track:7lQ8MOhq6IN2w8EYcFNSUk","Eminem","Without Me","Aftermath",24,158,1037,"58414"
189,"spotify:track:2bLqfJjuC5syrsgDsZfGmn","Timbaland, Keri Hilson, D.O.E.","The Way I Are","Interscope/Blackground Records",89,191,44,"58365"
190,"spotify:track:4MSj19TwYBLgDFj3ddEeco","Lost Frequencies, Tom Odell","Black Friday (pretty like the sun)","UROK",113,184,37,"58147"
191,"spotify:track:2tpWsVSb9UEmDRxAl1zhX1","OneRepublic","Counting Stars","Mosley / Interscope",89,177,709,"58138"
192,"spotify:track:3USxtqRwSYz57Ewm6wWRMp","Glass Animals","Heat Waves","Polydor Records",1,154,1354,"57778"
193,"spotify:track:2Zo1PcszsT9WQ0ANntJbID","Sabrina Carpenter","Feather","Island Records",23,174,289,"57773"
194,"spotify:track:2QfX9Pdz3q66fN3kCXl0Js","Zach Bryan","Revival","Warner Records",83,190,120,"57378"
195,"spotify:track:6CThut6kPrjot0pTJOTEer","HARDY","TRUCK BED","Big Loud",87,186,312,"57135"
196,"spotify:track:7FAFkQQZFeNwOFzTrSDFIh","Mac Miller, Empire Of The Sun","The Spins","Rostrum Records",75,165,610,"57085"
197,"spotify:track:61SRKyox0R9jCzci4JXKBS","Dylan Scott","What He'll Never Have","Curb Records",99,-1,122,"56977"
198,"spotify:track:5496lks6V3fh1mZAB6IAap","Sevdaliza, Pabllo Vittar, Yseult","Alibi (with Pabllo Vittar & Yseult)","Twisted Elegance",44,187,68,"56918"
199,"spotify:track:6cMCCusy3pnzQJM6UE4Bx7","Future","TOLD MY","Wilburn Holding Co./Epic",199,-1,1,"56799"
200,"spotify:track:3iPIDAFybaoyqX7hvAfWkl","Sabrina Carpenter","Sharpest Tool","Island Records",12,163,29,"56624"
